Device_id,OP Type,Core Type,Count,Total Time(us),Min Time(us),Avg Time(us),Max Time(us),Ratio(%)
6,MatMulV2,AI_CORE,2249,191323.834,9.28,85.071,978.2,58.764
6,Transpose,AI_VECTOR_CORE,158,69238.402,14.5,438.218,16087.201,21.266
6,recurrent_gated_delta_rule_20,AI_VECTOR_CORE,288,7025.019,22.341,24.392,26.741,2.158
6,add_gemma_rms_norm_kernel_1,AI_VECTOR_CORE,780,5128.631,4.92,6.575,14.341,1.575
6,IndexPutV2,AI_VECTOR_CORE,85,4651.915,1.94,54.728,2024.821,1.429
6,Slice,AI_VECTOR_CORE,1894,4050.421,1.4,2.139,13.321,1.244
6,move_cache_dynamic_last_kernel_h_block,AI_VECTOR_CORE,12,3214.964,0.92,267.914,542.611,0.987
6,FusedInferAttentionScore,MIX_AIC,131,3066.042,13.321,23.405,33.401,0.942
6,SwiGlu,AI_VECTOR_CORE,467,2525.391,4.44,5.408,6.68,0.776
6,fused_gdn_gating_kernel_without_sigmoid_kernel_5,AI_VECTOR_CORE,288,2391.489,6.92,8.304,10.241,0.735
6,causal_conv1d_4_mix_aiv,MIX_AIV,288,2351.804,7.08,8.166,9.64,0.722
6,solve_tril_16x16_kernel_paral_v3,AI_VECTOR_CORE,48,2278.946,47.141,47.478,50.261,0.7
6,Cast,AI_VECTOR_CORE,1177,2115.26,1.1,1.797,8.981,0.65
6,ConcatD,AI_VECTOR_CORE,371,2054.521,2.38,5.538,19.22,0.631
6,Index,AI_VECTOR_CORE,144,1774.615,5.3,12.324,19.32,0.545
6,ScatterNdUpdate,MIX_AIV,262,1602.033,4.32,6.115,8.08,0.492
6,recompute_w_u_fwd_kernel_npu_kernel,MIX_AIC,48,1527.93,30.761,31.832,35.081,0.469
6,ted_delta_rule_fwd_kernel_h_blockdim64_npu_kernel,MIX_AIC,48,1459.369,26.661,30.404,34.041,0.448
6,_layer_norm_fwd_1pass_kernel_npu_0,AI_VECTOR_CORE,288,1288.228,4.24,4.473,5.06,0.396
6,Fill,AI_VECTOR_CORE,945,1251.928,1.1,1.325,2.1,0.385
6,chunk_scaled_dot_kkt_fwd_trans_kernel,MIX_AIC,48,1218.965,22.961,25.395,28.941,0.374
6,split_qkvgate_gemma_rmsnorm_rope_kernel_1,AI_VECTOR_CORE,102,1151.442,10.92,11.289,12.261,0.354
6,chunk_fwd_kernel_o_npu_kernel,MIX_AIC,48,940.28,17.941,19.589,23.021,0.289
6,merge_16x16_to_64x64_inverse_kernel,MIX_AIC,48,861.937,16.641,17.957,20.161,0.265
6,ViewCopy,AI_VECTOR_CORE,74,829.399,8.7,11.208,19.76,0.255
6,add_gemma_rms_norm_kernel,AI_VECTOR_CORE,130,791.136,3.88,6.086,11.1,0.243
6,ArgMaxV2,AI_VECTOR_CORE,25,752.176,29.681,30.087,31.461,0.231
6,l2norm_fwd_kernel_opt,AI_VECTOR_CORE,96,670.772,3.92,6.987,14.621,0.206
6,_conv_state_rollback_kernel,AI_VECTOR_CORE,12,627.092,0.94,52.258,128.523,0.193
6,Mul,AI_VECTOR_CORE,233,588.433,1.4,2.525,3.84,0.181
6,BroadcastTo,AI_VECTOR_CORE,85,564.991,1.2,6.647,22.201,0.174
6,OnesLike,AI_VECTOR_CORE,302,517.411,1.1,1.713,2.06,0.159
6,GemmaRmsNorm,AI_VECTOR_CORE,98,413.29,2.44,4.217,6.7,0.127
6,Sigmoid,AI_VECTOR_CORE,131,400.868,1.68,3.06,3.58,0.123
6,causal_conv1d,MIX_AIV,48,388.709,7.4,8.098,8.74,0.119
6,Range,AI_VECTOR_CORE,54,379.929,3.84,7.036,13.94,0.117
6,Add,AI_VECTOR_CORE,148,350.229,1.34,2.366,7.4,0.108
6,MaskedFill,AI_VECTOR_CORE,26,230.544,3.04,8.867,17.12,0.071
6,Cumsum,AI_CPU,3,222.105,54.341,74.035,100.742,0.068
6,_layer_norm_fwd_1pass_kernel_npu,AI_VECTOR_CORE,48,221.845,4.4,4.622,4.88,0.068
6,fused_gdn_gating_kernel,AI_VECTOR_CORE,48,204.305,3.88,4.256,4.78,0.063
6,GatherElements,AI_VECTOR_CORE,18,194.324,9.98,10.796,11.261,0.06
6,Sub,AI_VECTOR_CORE,85,177.825,1.22,2.092,10.361,0.055
6,GreaterEqual,AI_VECTOR_CORE,58,168.444,2.3,2.904,3.76,0.052
6,add_gemma_rms_norm_kernel_2,AI_VECTOR_CORE,24,158.763,4.66,6.615,8.68,0.049
6,GatherV2,AI_VECTOR_CORE,26,154.704,2.98,5.95,9.32,0.048
6,RopeWithSinCosCache,AI_VECTOR_CORE,17,153.083,8.78,9.005,9.42,0.047
6,chunk_local_cumsum_scalar_kernel,AI_VECTOR_CORE,48,148.524,3,3.094,3.38,0.046
6,SoftmaxV2,AI_VECTOR_CORE,2,146.603,73.202,73.302,73.402,0.045
6,Greater,AI_VECTOR_CORE,49,144.543,2.56,2.95,3.54,0.044
6,ForeachCopy,AI_VECTOR_CORE,30,142.963,4,4.765,5.42,0.044
6,Less,AI_VECTOR_CORE,52,139.282,2.2,2.678,3.4,0.043
6,FloorDiv,AI_VECTOR_CORE,63,130.602,1.76,2.073,2.72,0.04
6,ZerosLike,AI_VECTOR_CORE,78,124.021,1.22,1.59,2.14,0.038
6,split_qkvgate_gemma_rmsnorm_rope_kernel_2,AI_VECTOR_CORE,12,108.583,8.82,9.049,9.84,0.033
6,Tile,AI_VECTOR_CORE,54,108.423,1.6,2.008,2.7,0.033
6,MemSet,AI_VECTOR_CORE,6,93.983,15.601,15.664,15.801,0.029
6,apply_interleaved_rope_kernel_7,AI_VECTOR_CORE,12,79.781,6,6.648,7.34,0.025
6,LogicalAnd,AI_VECTOR_CORE,52,75.802,1.2,1.458,1.8,0.023
6,GatherV3,AI_VECTOR_CORE,18,57.001,2.9,3.167,3.64,0.018
6,ArgMaxWithValue,AI_VECTOR_CORE,13,49.041,1.48,3.772,29.921,0.015
6,LogicalOr,AI_VECTOR_CORE,26,40.581,1.34,1.561,1.9,0.012
6,LogicalNot,AI_VECTOR_CORE,26,38.861,1.32,1.495,1.98,0.012
6,build_tree_efficient,AI_VECTOR_CORE,6,32.281,5.16,5.38,5.54,0.01
6,ClipByValueV2,AI_VECTOR_CORE,6,31.64,5.18,5.273,5.38,0.01
6,cache_loc_assign,AI_VECTOR_CORE,6,31.201,4.6,5.2,5.68,0.01
6,DSARandomUniform,DSA_SQE,1,24.381,24.381,24.381,24.381,0.007
6,NonZero,MIX_AIV,6,18.96,3.02,3.16,3.38,0.006
6,_gather_rows_kernel,AI_VECTOR_CORE,6,17.26,2.78,2.877,3.02,0.005
6,NotEqual,AI_VECTOR_CORE,6,17.021,2.6,2.837,3.04,0.005
6,compute_position_kernel,AI_VECTOR_CORE,8,16.061,1.46,2.008,2.46,0.005
6,RealDiv,AI_VECTOR_CORE,2,15.861,7.72,7.93,8.14,0.005
6,SelectV2,AI_VECTOR_CORE,7,15.54,2.04,2.22,2.38,0.005
6,Abs,AI_VECTOR_CORE,1,15.04,15.04,15.04,15.04,0.005
6,verify_tree_greedy_kernel,AI_VECTOR_CORE,6,11.5,1.74,1.917,2.12,0.004
6,TensorMove,AI_VECTOR_CORE,1,9.5,9.5,9.5,9.5,0.003
6,Log,AI_VECTOR_CORE,1,9.2,9.2,9.2,9.2,0.003
6,assign_draft_cache_locs_contiguous,AI_VECTOR_CORE,6,8.901,1.36,1.483,1.62,0.003
6,fill_bonus_tokens,AI_VECTOR_CORE,6,8.04,1.22,1.34,1.42,0.002
6,ReduceMax,MIX_AIV,4,7.2,1.52,1.8,2.14,0.002
6,alloc_extend_kernel,AI_VECTOR_CORE,1,2.32,2.32,2.32,2.32,0.001
6,assign_req_to_token_pool,AI_VECTOR_CORE,1,2.28,2.28,2.28,2.28,0.001
6,ReduceAny,MIX_AIV,1,2.06,2.06,2.06,2.06,0.001
6,ReduceSum,MIX_AIV,1,1.8,1.8,1.8,1.8,0.001
